<?xml version="1.0" encoding="UTF-8"?>
<project-private xmlns="http://www.netbeans.org/ns/project-private/1">
    <editor-bookmarks xmlns="http://www.netbeans.org/ns/editor-bookmarks/2" lastBookmarkId="0"/>
    <open-files xmlns="http://www.netbeans.org/ns/projectui-open-files/2">
        <group>
            <file>file:/C:/Users/KOICA%20UR%20ADMIN/Documents/NetBeansProjects/me/web/signuptodashboard.jsp</file>
            <file>file:/C:/Users/KOICA%20UR%20ADMIN/Documents/NetBeansProjects/me/web/index.html</file>
            <file>file:/C:/Users/KOICA%20UR%20ADMIN/Documents/NetBeansProjects/me/web/blog.css</file>
            <file>file:/C:/Users/KOICA%20UR%20ADMIN/Documents/NetBeansProjects/me/web/index.jsp</file>
            <file>file:/C:/Users/KOICA%20UR%20ADMIN/Documents/NetBeansProjects/me/web/contact.jsp</file>
            <file>file:/C:/Users/KOICA%20UR%20ADMIN/Documents/NetBeansProjects/me/web/userboard.jsp</file>
            <file>file:/C:/Users/KOICA%20UR%20ADMIN/Documents/NetBeansProjects/me/web/adminstyle.css</file>
            <file>file:/C:/Users/KOICA%20UR%20ADMIN/Documents/NetBeansProjects/me/web/adminlog.jsp</file>
            <file>file:/C:/Users/KOICA%20UR%20ADMIN/Documents/NetBeansProjects/me/web/logtodashboard.css</file>
            <file>file:/C:/Users/KOICA%20UR%20ADMIN/Documents/NetBeansProjects/me/web/script.js</file>
            <file>file:/C:/Users/KOICA%20UR%20ADMIN/Documents/NetBeansProjects/me/web/board.jsp</file>
            <file>file:/C:/Users/KOICA%20UR%20ADMIN/Documents/NetBeansProjects/me/web/style.css</file>
            <file>file:/C:/Users/KOICA%20UR%20ADMIN/Documents/NetBeansProjects/me/src/java/data/upload.java</file>
            <file>file:/C:/Users/KOICA%20UR%20ADMIN/Documents/NetBeansProjects/me/web/details.jsp</file>
            <file>file:/C:/Users/KOICA%20UR%20ADMIN/Documents/NetBeansProjects/me/web/upload.jsp</file>
            <file>file:/C:/Users/KOICA%20UR%20ADMIN/Documents/NetBeansProjects/me/web/dashboardstyle.css</file>
            <file>file:/C:/Users/KOICA%20UR%20ADMIN/Documents/NetBeansProjects/me/web/login.jsp</file>
            <file>file:/C:/Users/KOICA%20UR%20ADMIN/Documents/NetBeansProjects/me/web/post.jsp</file>
            <file>file:/C:/Users/KOICA%20UR%20ADMIN/Documents/NetBeansProjects/me/web/indexstyle.css</file>
            <file>file:/C:/Users/KOICA%20UR%20ADMIN/Documents/NetBeansProjects/me/web/logintodashboard.jsp</file>
            <file>file:/C:/Users/KOICA%20UR%20ADMIN/Documents/NetBeansProjects/me/web/post.css</file>
            <file>file:/C:/Users/KOICA%20UR%20ADMIN/Documents/NetBeansProjects/me/web/postdash.jsp</file>
        </group>
    </open-files>
</project-private>
